{"cameraMode":{"drawMode":0,"name":"Shaded","section":"Shading Mode"},"sceneLighting":false,"audioPlay":false,"sceneViewState":{"m_AlwaysRefresh":false,"showFog":true,"showSkybox":false,"showFlares":true,"showImageEffects":true,"showParticleSystems":true,"showVisualEffectGraphs":true,"m_FxEnabled":false},"in2DMode":false,"pivot":{"x":14.721733093261719,"y":6.520000457763672,"z":-46.2418098449707},"rotation":{"x":0.007795602083206177,"y":-0.061651211231946948,"z":0.0004723412566818297,"w":0.9980995059013367},"size":12.12435531616211,"orthographic":false}