{"cameraMode":{"drawMode":0,"name":"Shaded","section":"Shading Mode"},"sceneLighting":false,"audioPlay":false,"sceneViewState":{"m_AlwaysRefresh":false,"showFog":true,"showSkybox":false,"showFlares":true,"showImageEffects":true,"showParticleSystems":true,"showVisualEffectGraphs":true,"m_FxEnabled":false},"in2DMode":false,"pivot":{"x":-14.500003814697266,"y":1.5699999332427979,"z":20.83683967590332},"rotation":{"x":-0.005369679071009159,"y":-0.9915369749069214,"z":0.1223866268992424,"w":-0.04355117306113243},"size":12.124356269836426,"orthographic":false}