{"cameraMode":{"drawMode":0,"name":"Shaded","section":"Shading Mode"},"sceneLighting":false,"audioPlay":false,"sceneViewState":{"m_AlwaysRefresh":false,"showFog":true,"showSkybox":false,"showFlares":true,"showImageEffects":true,"showParticleSystems":true,"showVisualEffectGraphs":true,"m_FxEnabled":false},"in2DMode":false,"pivot":{"x":311.1208190917969,"y":439.7619934082031,"z":-30.111982345581056},"rotation":{"x":-0.045787978917360309,"y":0.0160797368735075,"z":-0.0007367721409536898,"w":-0.9988259673118591},"size":459.2301025390625,"orthographic":false}