{"cameraMode":{"drawMode":0,"name":"Shaded","section":"Shading Mode"},"sceneLighting":false,"audioPlay":false,"sceneViewState":{"m_AlwaysRefresh":false,"showFog":true,"showSkybox":false,"showFlares":true,"showImageEffects":true,"showParticleSystems":true,"showVisualEffectGraphs":true,"m_FxEnabled":false},"in2DMode":false,"pivot":{"x":-4.511095273371235e-13,"y":1.0500000715255738,"z":-1.1762327765431346e-13},"rotation":{"x":0.30056634545326235,"y":0.12005376070737839,"z":-0.03817858546972275,"w":0.9454373717308044},"size":5.736551284790039,"orthographic":false}