{"cameraMode":{"drawMode":0,"name":"Shaded","section":"Shading Mode"},"sceneLighting":false,"audioPlay":false,"sceneViewState":{"m_AlwaysRefresh":false,"showFog":true,"showSkybox":false,"showFlares":true,"showImageEffects":true,"showParticleSystems":true,"showVisualEffectGraphs":true,"m_FxEnabled":false},"in2DMode":false,"pivot":{"x":1.7681245803833008,"y":8.201854705810547,"z":0.8655009269714356},"rotation":{"x":0.02772863395512104,"y":0.07271946966648102,"z":-0.0020912429317831995,"w":0.9970194101333618},"size":27.93466567993164,"orthographic":false}