{"cameraMode":{"drawMode":0,"name":"Shaded","section":"Shading Mode"},"sceneLighting":false,"audioPlay":false,"sceneViewState":{"m_AlwaysRefresh":false,"showFog":true,"showSkybox":false,"showFlares":true,"showImageEffects":true,"showParticleSystems":true,"showVisualEffectGraphs":true,"m_FxEnabled":false},"in2DMode":false,"pivot":{"x":25.142173767089845,"y":0.31694838404655459,"z":1.5436726808547974},"rotation":{"x":0.09953704476356507,"y":0.781566321849823,"z":-0.12918539345264436,"w":0.6021888256072998},"size":70.09210968017578,"orthographic":false}