{"cameraMode":{"drawMode":0,"name":"Shaded","section":"Shading Mode"},"sceneLighting":false,"audioPlay":false,"sceneViewState":{"m_AlwaysRefresh":false,"showFog":true,"showSkybox":false,"showFlares":true,"showImageEffects":true,"showParticleSystems":true,"showVisualEffectGraphs":true,"m_FxEnabled":false},"in2DMode":false,"pivot":{"x":14.721733093261719,"y":6.520000457763672,"z":-46.2418098449707},"rotation":{"x":0.30663129687309267,"y":0.030745109543204309,"z":-0.009918111376464367,"w":0.9513141512870789},"size":15.789063453674317,"orthographic":false}