{"cameraMode":{"drawMode":0,"name":"Shaded","section":"Shading Mode"},"sceneLighting":false,"audioPlay":false,"sceneViewState":{"m_AlwaysRefresh":false,"showFog":true,"showSkybox":false,"showFlares":true,"showImageEffects":true,"showParticleSystems":true,"showVisualEffectGraphs":true,"m_FxEnabled":false},"in2DMode":false,"pivot":{"x":0.05957001447677612,"y":1.7220200300216675,"z":-0.4440299868583679},"rotation":{"x":0.057097118347883227,"y":0.6180562376976013,"z":-0.045083045959472659,"w":0.7828410863876343},"size":27.93466567993164,"orthographic":false}